City,Country,Date,Lat,Lng,Max Temp,Humidity,Wind Speed,Cloudiness
Hermanus,ZA,1640605066,-34.4187,19.2345,22.17,74,8.64,100
Saint Paul Harbor,US,1640605067,57.79,-152.4072,4.86,84,4.85,69
Avarua,CK,1640604893,-21.2078,-159.775,23.03,78,1.03,53
Port Alfred,ZA,1640605067,-33.5906,26.891,23.0,82,6.18,91
Yellowknife,CA,1640605068,62.456,-114.3525,-30.33,94,4.63,90
Cap Malheureux,MU,1640605068,-19.9842,57.6142,27.27,84,3.13,63
Auki,SB,1640605069,-8.7676,160.7034,26.76,87,3.15,99
Albany,US,1640605069,42.6001,-73.9662,-1.78,77,1.34,38
Rikitea,PF,1640605070,-23.1203,-134.9692,22.97,95,11.79,100
Provideniya,RU,1640605070,64.3833,-173.3,-16.81,81,5.14,97
Butaritari,KI,1640605071,3.0707,172.7902,27.48,78,4.7,44
Bluff,NZ,1640605072,-46.6,168.3333,12.11,70,3.39,91
Hofn,IS,1640605073,64.2539,-15.2082,0.01,59,10.8,20
Ayan,RU,1640605074,56.45,138.1667,-27.95,72,5.77,10
Vaini,TO,1640605074,-21.2,-175.2,24.09,94,0.0,75
Ushuaia,AR,1640605075,-54.8,-68.3,5.81,87,8.75,90
Sobolevo,RU,1640605075,54.4299,31.8996,-7.48,92,4.27,51
Fairbanks,US,1640605076,64.8378,-147.7164,3.98,92,3.58,90
Klaksvík,FO,1640605076,62.2266,-6.589,5.51,93,11.38,100
Mataura,NZ,1640605077,-46.1927,168.8643,11.93,94,0.75,97
Port Moresby,PG,1640605077,-9.4431,147.1797,26.68,78,2.57,75
Lorengau,PG,1640605078,-2.0226,147.2712,28.39,77,4.08,98
Kahului,US,1640605078,20.8947,-156.47,22.01,67,4.63,1
Deputatsky,RU,1640605079,69.3,139.9,-33.21,98,2.27,98
Ucluelet,CA,1640605079,48.9329,-125.5528,-7.33,43,2.67,2
Kaitangata,NZ,1640605080,-46.2817,169.8464,9.65,94,1.88,100
Chui,UY,1640605080,-33.6971,-53.4616,22.35,53,2.56,0
Chilca,PE,1640605080,-12.5211,-76.7372,20.09,90,2.42,90
Acapulco de Juárez,MX,1640605081,16.8634,-99.8901,22.9,88,2.06,40
Honiara,SB,1640604838,-9.4333,159.95,26.89,86,1.33,100
Salalah,OM,1640605082,17.0151,54.0924,26.05,61,4.63,0
Hithadhoo,MV,1640605082,-0.6,73.0833,28.08,67,5.27,26
Busselton,AU,1640604830,-33.65,115.3333,27.78,35,3.85,24
Pombia,IT,1640605083,45.653,8.6336,8.52,90,1.54,90
Atuona,PF,1640605084,-9.8,-139.0333,25.77,76,6.87,37
Coquimbo,CL,1640604823,-29.9533,-71.3436,16.85,88,1.03,90
Bengkulu,ID,1640605085,-3.8004,102.2655,25.86,86,2.02,70
Nanortalik,GL,1640605085,60.1432,-45.2371,-2.3,70,1.67,75
Thompson,CA,1640605086,55.7435,-97.8558,-28.91,76,2.57,90
Bethel,US,1640605087,41.3712,-73.414,0.32,72,0.45,1
Cherskiy,RU,1640605087,68.75,161.3,-38.42,100,2.27,100
Bredasdorp,ZA,1640605088,-34.5322,20.0403,22.62,68,3.09,100
Ponta do Sol,PT,1640605088,32.6667,-17.1,21.51,83,2.28,94
Bonavista,CA,1640605089,48.6499,-53.1147,2.29,96,14.22,100
Lebu,CL,1640605089,-37.6167,-73.65,15.89,81,6.37,28
Hobart,AU,1640604929,-42.8794,147.3294,12.92,78,0.45,20
Calama,CL,1640605090,-22.4667,-68.9333,17.96,28,1.88,4
Murray Bridge,AU,1640604856,-35.1167,139.2667,18.16,47,5.19,0
Preston,GB,1640605091,53.7667,-2.7167,7.8,91,3.35,97
Puerto Ayora,EC,1640605092,-0.7393,-90.3518,20.66,88,3.29,100
Longyearbyen,SJ,1640605092,78.2186,15.6401,-10.09,67,5.66,0
Punta Arenas,CL,1640605093,-53.15,-70.9167,8.06,81,7.72,20
Ramona,US,1640605093,33.0417,-116.8681,8.81,90,0.0,90
Mikhaylovka,RU,1640605093,50.06,43.2379,-7.9,95,1.58,7
Qaanaaq,GL,1640605094,77.484,-69.3632,-22.27,69,3.35,11
Nikolskoye,RU,1640605094,59.7035,30.7861,-9.06,98,1.28,54
Kavieng,PG,1640605095,-2.5744,150.7967,28.52,78,4.24,100
Cidreira,BR,1640605001,-30.1811,-50.2056,24.75,59,2.47,5
Maniitsoq,GL,1640605097,65.4167,-52.9,-5.1,59,2.12,5
Tessalit,ML,1640605097,20.1986,1.0114,25.94,15,5.59,0
Tsogni,GA,1640605098,-2.7942,10.0988,28.69,66,4.37,82
Henties Bay,NA,1640605098,-22.116,14.2845,20.48,62,5.63,67
Ilulissat,GL,1640605099,69.2167,-51.1,-6.99,49,1.03,40
Dikson,RU,1640605099,73.5069,80.5464,-18.2,77,9.93,74
Westport,US,1640605100,41.1415,-73.3579,1.66,75,1.79,1
Cape Town,ZA,1640605023,-33.9258,18.4232,23.27,78,0.89,75
Dzierżoniów,PL,1640605100,50.7282,16.6514,3.85,66,2.0,25
Tuktoyaktuk,CA,1640605101,69.4541,-133.0374,-15.65,95,2.87,100
Sangar,RU,1640605101,63.9242,127.4739,-45.47,99,0.59,70
San Jerónimo,PE,1640605102,-11.9472,-75.2829,10.54,64,0.63,100
Wajid,SO,1640605102,3.8093,43.2471,35.08,24,6.96,79
Saskylakh,RU,1640605103,71.9167,114.0833,-27.61,97,3.58,71
Pajapan,MX,1640605103,18.25,-94.7,19.15,92,0.54,3
Wasilla,US,1640605104,61.5814,-149.4394,5.96,94,0.0,90
Bud,US,1640605104,39.447,-86.1758,18.16,96,6.53,100
Şabyā,SA,1640605105,17.1495,42.6254,29.79,55,4.86,24
College,US,1640605105,64.8569,-147.8028,3.97,92,7.2,90
Ayagoz,KZ,1640604883,47.9714,80.4392,-11.62,99,1.85,97
Davila,PH,1640605106,18.4726,120.5763,24.99,78,12.86,87
Gao,ML,1640605107,16.6362,1.637,27.93,10,7.94,9
Vardø,NO,1640605107,70.3705,31.1107,-5.01,80,5.14,40
Souillac,MU,1640605108,-20.5167,57.5167,27.21,78,5.14,75
Bogalusa,US,1640605108,30.791,-89.8487,19.29,88,0.0,90
Tuatapere,NZ,1640605108,-46.1333,167.6833,12.12,88,2.05,98
Ribeira Grande,PT,1640604904,38.5167,-28.7,19.22,82,12.35,40
Zhezkazgan,KZ,1640605109,47.8043,67.7144,-10.01,79,4.0,0
Atikokan,CA,1640605110,48.7555,-91.6216,-7.3,90,5.88,100
Labuhan,ID,1640605110,-6.8844,112.2051,27.47,79,3.66,95
Jamestown,US,1640605111,42.097,-79.2353,0.01,83,0.45,90
Lüderitz,NA,1640604966,-26.6481,15.1594,22.29,62,5.92,30
Ekhabi,RU,1640605112,53.5102,142.9671,-23.15,91,9.98,100
Townsville,AU,1640604917,-19.25,146.8,27.49,78,1.03,75
Vestmannaeyjar,IS,1640605113,63.4427,-20.2734,1.55,80,3.09,40
Mount Gambier,AU,1640605113,-37.8333,140.7667,12.95,67,6.17,90
Castro,BR,1640604862,-24.7911,-50.0119,23.19,57,2.46,48
Inta,RU,1640605114,66.0317,60.1659,-21.15,88,3.37,59
Harper,LR,1640605115,4.375,-7.7169,29.47,67,1.98,32
Shimoda,JP,1640605115,34.6667,138.95,2.28,72,12.38,2
Rādhanpur,IN,1640605117,23.8333,71.6,25.26,51,0.75,100
Bac Lieu,VN,1640605117,9.285,105.7244,25.36,84,3.45,93
Torbay,CA,1640605117,47.6666,-52.7314,1.99,96,9.26,90
Sisimiut,GL,1640605118,66.9395,-53.6735,-9.05,72,2.46,73
Qidong,CN,1640605118,31.8128,121.6561,3.29,40,1.88,24
Chipata,ZM,1640605119,-13.6333,32.65,33.76,21,3.75,42
Igrim,RU,1640605119,63.1906,64.4162,-13.17,95,2.97,100
Severo-Kuril'sk,RU,1640605120,50.6789,156.125,-1.47,87,5.23,92
Shelburne,CA,1640605120,44.0787,-80.2041,-6.04,94,6.02,100
Qingdao,CN,1640604724,36.0986,120.3719,0.78,32,2.0,0
Barrow,US,1640605122,71.2906,-156.7887,-20.99,71,6.69,90
Polunochnoye,RU,1640605123,60.8697,60.4153,-17.52,99,0.18,100
Bambous Virieux,MU,1640605123,-20.3428,57.7575,27.14,78,5.14,75
Hirara,JP,1640605044,24.8,125.2833,15.15,88,6.17,75
Neuquén,AR,1640605124,-38.9516,-68.0591,23.94,29,3.09,0
New Norfolk,AU,1640605125,-42.7826,147.0587,12.72,65,0.6,91
Saldanha,ZA,1640604867,-33.0117,17.9442,21.03,78,4.86,100
Kapaa,US,1640605126,22.0752,-159.319,23.18,74,0.89,20
Iqaluit,CA,1640605126,63.7506,-68.5145,-10.15,85,1.03,90
Evinayong,GQ,1640605127,1.4368,10.5512,26.55,68,1.07,99
Narsaq,GL,1640605127,60.9167,-46.05,-2.88,59,3.35,0
George Town,MY,1640605127,5.4112,100.3354,31.97,58,3.09,20
Mayumba,GA,1640605128,-3.432,10.6554,27.75,74,5.74,96
Lakes Entrance,AU,1640605128,-37.8811,147.981,15.32,75,3.28,64
Skerries,IE,1640605129,53.5828,-6.1083,10.0,100,6.44,100
Isangel,VU,1640605129,-19.55,169.2667,26.48,84,1.79,91
Bereket,TM,1640605130,39.2446,55.5154,9.15,44,5.89,2
Nelson Bay,AU,1640605130,-32.7167,152.15,21.67,77,0.89,100
Kavaratti,IN,1640605131,10.5669,72.642,27.24,68,2.66,18
Starokostiantyniv,UA,1640605132,49.7576,27.2034,-4.81,78,3.59,17
Willowmore,ZA,1640605132,-33.2926,23.4895,18.87,80,10.69,84
Upernavik,GL,1640605133,72.7868,-56.1549,-22.05,89,5.53,91
Latung,PH,1640605133,5.5,120.8833,27.7,72,2.21,100
Walvis Bay,NA,1640605134,-22.9575,14.5053,24.53,53,5.14,11
Naliya,IN,1640605134,23.2667,68.8333,25.61,45,4.36,89
Champerico,GT,1640605135,14.3,-91.9167,25.02,77,3.07,0
Charters Towers,AU,1640605135,-20.1,146.2667,25.14,70,3.88,100
Tayu,ID,1640605136,-6.5397,111.0518,26.65,86,3.48,81
Saint Anthony,US,1640605136,45.0205,-93.218,0.7,94,2.68,90
Ostrovnoy,RU,1640605137,68.0531,39.5131,-12.49,86,4.66,100
Batagay,RU,1640605137,67.6333,134.6333,-41.7,99,0.94,99
Praia,CV,1640605138,14.9215,-23.5087,28.3,34,7.2,0
Vuktyl,RU,1640605138,63.8567,57.3094,-15.94,83,3.84,95
Bara,NG,1640605139,10.3744,10.7288,29.88,13,4.75,29
Ürümqi,CN,1640605139,43.801,87.6005,-12.47,85,1.0,42
Esim,GH,1640605140,4.8699,-2.2405,29.21,68,2.54,82
Aitape,PG,1640605140,-3.1374,142.3475,26.44,87,3.19,79
Zarechnyy,RU,1640605141,53.2036,45.1923,-13.8,91,3.08,20
Jieznas,LT,1640605141,54.6,24.1667,-4.23,92,2.34,18
Alofi,NU,1640605142,-19.0595,-169.9187,22.94,94,0.51,75
Khor,RU,1640605142,47.8861,134.9464,-34.16,100,1.77,52
Chara,RU,1640605142,56.9064,118.2631,-24.64,100,0.57,96
Acaraú,BR,1640604883,-2.8856,-40.12,27.07,78,4.99,92
Oktyabr'skoye,RU,1640605143,43.0645,44.7417,10.08,40,2.0,84
Soma,TR,1640605144,39.1855,27.6094,17.1,63,3.88,66
Angoche,MZ,1640605144,-16.2325,39.9086,31.12,65,5.93,71
Fort Nelson,CA,1640605145,58.8053,-122.7002,-37.23,67,1.03,40
Belmonte,BR,1640605145,-15.8631,-38.8828,25.28,73,5.56,74
Yakeshi,CN,1640605146,49.2833,120.7333,-28.76,98,1.35,46
Pleasanton,US,1640605146,37.6624,-121.8747,9.65,91,1.34,20
Lavrentiya,RU,1640605147,65.5833,-171.0,-22.45,89,1.77,49
West Odessa,US,1640605147,31.8424,-102.4988,13.92,47,3.09,1
Mahajanga,MG,1640605148,-15.7167,46.3167,34.01,59,5.66,20
Sørland,NO,1640605149,67.667,12.6934,-2.96,58,6.89,82
Sola,VU,1640605150,-13.8833,167.55,28.05,72,2.63,91
Dourbali,TD,1640604912,11.8091,15.8632,31.62,13,5.62,32
Wagar,SD,1640605151,16.1525,36.2032,32.73,29,5.44,55
Portland,US,1640605151,45.5234,-122.6762,1.03,93,1.79,90
Mackay,AU,1640605152,-21.15,149.2,26.99,78,4.63,90
Pangnirtung,CA,1640605152,66.1451,-65.7125,-16.55,64,2.68,52
Porto-Novo,BJ,1640605154,6.4965,2.6036,31.9,42,2.93,36
Menongue,AO,1640605154,-14.6585,17.691,25.46,60,4.44,100
Faanui,PF,1640605155,-16.4833,-151.75,25.57,74,1.2,69
Gijón,ES,1640605155,43.5357,-5.6615,19.44,60,5.36,78
Tokur,RU,1640605156,53.1333,132.9,-38.0,100,0.87,43
Mahébourg,MU,1640605157,-20.4081,57.7,27.16,78,5.14,75
Talavera de la Reina,ES,1640605157,39.9635,-4.8308,15.34,74,8.6,58
Atar,MR,1640605158,20.5169,-13.0499,28.03,14,6.04,69
Airai,TL,1640605158,-8.9266,125.4092,15.25,93,1.03,100
Zaozyornoye,UA,1640605158,45.1582,33.2787,8.3,94,7.72,100
Honolulu,US,1640605124,21.3069,-157.8583,22.95,73,0.89,20
Carnarvon,AU,1640605159,-24.8667,113.6333,25.04,83,7.2,100
Saint-Philippe,RE,1640605160,-21.3585,55.7679,26.77,86,6.35,100
Port Blair,IN,1640605097,11.6667,92.75,26.52,76,5.69,13
Rocha,UY,1640604862,-34.4833,-54.3333,22.27,46,2.78,0
Asău,RO,1640605162,46.4333,26.4,-1.14,95,1.5,100
Praia,CV,1640605162,14.9215,-23.5087,28.3,34,7.2,0
Mar del Plata,AR,1640605162,-38.0023,-57.5575,18.26,80,0.89,0
Alta,NO,1640605164,69.9689,23.2717,-11.41,92,2.06,0
Chokurdakh,RU,1640605164,70.6333,147.9167,-31.25,98,2.82,99
Oytal,KZ,1640605165,42.9057,73.2697,0.14,87,2.17,100
Nova Olímpia,BR,1640605165,-14.7972,-57.2881,27.29,76,0.79,15
Hasaki,JP,1640605166,35.7333,140.8333,-1.78,31,3.33,41
Trincomalee,LK,1640605166,8.5711,81.2335,26.93,65,4.55,4
Karaton,ID,1640605167,-6.3424,106.1045,29.98,86,0.6,85
Arlit,NE,1640605167,18.7369,7.3853,27.82,10,5.7,0
Grand Falls,CA,1640605168,47.0461,-67.7418,-5.69,94,3.49,27
Constitución,CL,1640604883,-35.3333,-72.4167,18.69,64,1.08,60
Puerto Baquerizo Moreno,EC,1640605168,-0.9,-89.6,21.11,83,4.82,100
Pemba,MZ,1640605169,-12.974,40.5178,32.39,62,4.63,75
Fujin,CN,1640605169,47.26,132.0322,-25.54,91,3.62,9
Ulladulla,AU,1640605170,-35.35,150.4667,15.5,83,4.33,100
Elliot Lake,CA,1640605170,46.3834,-82.6331,-10.95,71,4.22,100
Srednekolymsk,RU,1640605171,67.45,153.6833,-34.36,98,3.45,98
Katsuura,JP,1640605172,35.1333,140.3,7.33,46,3.3,5
Cabo San Lucas,MX,1640605173,22.8909,-109.9124,22.51,77,3.17,1
Kumul,CN,1640605173,42.8,93.45,-4.69,29,0.76,70
Omboué,GA,1640605174,-1.5746,9.2618,28.91,66,4.49,85
Russell,US,1640605174,32.3502,-85.1999,17.6,97,2.06,40
Kuntaur,GM,1640605175,13.6667,-14.8833,35.03,9,5.34,54
Dossor,KZ,1640605175,47.5272,52.9811,1.04,95,3.53,100
Petropavlovsk-Kamchatskiy,RU,1640604886,53.0452,158.6483,-0.67,93,4.0,90
Nikolayevsk-on-Amur,RU,1640605176,53.1406,140.73,-25.01,79,3.82,3
Benghazi,LY,1640605176,32.1167,20.0667,17.28,55,8.63,88
Fortuna,US,1640605177,40.5982,-124.1573,7.59,96,0.0,90
Marshall,US,1640605177,34.3834,-86.3333,18.96,86,0.89,90
Kruisfontein,ZA,1640605178,-34.0033,24.7314,18.09,93,10.62,80
Hanamaki,JP,1640605178,39.3833,141.1167,-4.61,86,4.54,90
Hobyo,SO,1640605179,5.3505,48.5268,28.19,61,8.74,86
Bairiki Village,KI,1640605179,1.3292,172.9752,27.0,83,4.63,40
Bangui,CF,1640605180,4.3612,18.555,31.1,58,2.06,40
Cocachacra,PE,1640605180,-17.0883,-71.7575,21.84,85,1.41,99
Boden,SE,1640605181,65.8252,21.6886,-12.0,96,1.48,40
Hilo,US,1640605182,19.7297,-155.09,20.71,43,4.12,90
San Patricio,US,1640605182,28.017,-97.5169,22.92,87,6.62,50
Emerald,AU,1640605183,-23.5333,148.1667,23.08,100,0.0,83
Hay River,CA,1640605183,60.8156,-115.7999,-33.01,75,4.12,1
Camabatela,AO,1640605184,-8.1881,15.375,18.12,99,1.8,100
Norman Wells,CA,1640605184,65.282,-126.8329,-18.98,78,5.14,90
Kiryat Gat,IL,1640605185,31.61,34.7642,20.43,43,3.53,0
Saint-Joseph,RE,1640605186,-21.3667,55.6167,26.21,83,6.96,90
Vientiane,LA,1640605170,17.9667,102.6,27.03,73,1.03,20
Uglovka,RU,1640605187,58.2392,33.5108,-10.56,93,3.56,96
Hanzhong,CN,1640605187,33.0728,107.0303,2.23,51,0.48,86
Shaowu,CN,1640605188,27.3409,117.4831,4.91,84,0.78,94
Poum,NC,1640605189,-20.2333,164.0167,27.49,82,6.24,100
Nioro,GM,1640605189,13.35,-15.75,35.2,9,5.44,45
Sistranda,NO,1640605190,63.7256,8.834,1.06,69,3.27,100
Preobrazheniye,RU,1640605190,42.9019,133.9064,-15.23,59,4.32,33
Talnakh,RU,1640605191,69.4865,88.3972,-24.78,93,3.74,28
Manavālakurichi,IN,1640605191,8.1333,77.3,31.05,62,4.9,1
Novoagansk,RU,1640605192,61.9449,76.6625,-18.87,84,4.6,63
Arraial do Cabo,BR,1640605193,-22.9661,-42.0278,26.98,69,4.63,0
Martapura,ID,1640605021,-3.4167,114.85,25.05,94,1.03,20
Hambantota,LK,1640605193,6.1241,81.1185,30.19,70,3.6,20
Viedma,AR,1640605194,-40.8135,-62.9967,25.44,24,4.77,1
Sitka,US,1640605195,57.0531,-135.33,-0.06,80,5.14,90
Buala,SB,1640605195,-8.145,159.5921,27.5,83,3.67,100
Águas Belas,BR,1640605196,-9.1114,-37.1231,26.11,67,3.17,95
Calbuco,CL,1640605196,-41.768,-73.1273,13.56,91,1.74,33
Tromsø,NO,1640605197,69.6496,18.957,-1.99,80,4.12,75
Alta Floresta,BR,1640605197,-9.8756,-56.0861,23.87,95,1.64,94
Basarabeasca,MD,1640605198,46.3311,28.9728,-2.71,95,5.42,100
Grand Gaube,MU,1640605198,-20.0064,57.6608,27.22,83,2.24,62
Mount Isa,AU,1640605199,-20.7333,139.5,32.87,29,2.06,75
Ziarat,PK,1640605199,30.3823,67.7282,3.51,30,2.47,72
Nome,US,1640605199,64.5011,-165.4064,-10.96,85,0.0,90
San Ignacio,BZ,1640605200,17.1561,-89.0714,17.08,94,0.0,0
Itaituba,BR,1640605200,-4.2761,-55.9836,26.09,94,0.0,75
Baytown,US,1640605201,29.7355,-94.9774,21.73,91,2.74,92
Olinda,BR,1640605202,-8.0089,-34.8553,28.85,74,4.12,75
Thinadhoo,MV,1640605202,0.5333,72.9333,27.43,73,5.79,29
Avera,US,1640605203,33.194,-82.5271,14.27,97,2.76,5
Port Elizabeth,ZA,1640605203,-33.918,25.5701,19.16,88,8.75,20
Plouzané,FR,1640605204,48.3833,-4.6167,13.18,88,10.29,90
Metro,ID,1640605204,-5.1131,105.3067,26.13,84,1.95,70
Siguiri,GN,1640605205,11.6667,-9.5,32.1,11,3.03,79
Krasnyy Yar,RU,1640605205,46.5331,48.3456,4.96,93,2.65,100
Dunedin,NZ,1640605206,-45.8742,170.5036,9.89,99,2.73,100
San Cristobal,VE,1640605206,7.7669,-72.225,19.1,90,0.49,79
Alugan,PH,1640605207,12.2188,125.4808,25.62,85,8.57,91
Kaeo,NZ,1640605207,-35.1,173.7833,21.29,93,1.1,100
Sfântu Gheorghe,RO,1640605208,45.8667,25.7833,5.15,93,2.12,100
Papara,BR,1640605208,-3.9839,-38.7273,28.22,81,2.09,100
Okha,RU,1640605209,53.5739,142.9478,-22.89,91,10.1,100
Tilichiki,RU,1640605209,60.4667,166.1,-24.83,89,6.01,85
Margate,GB,1640605210,51.3813,1.3862,10.17,96,0.89,100
Grindavik,IS,1640605211,63.8424,-22.4338,-1.74,80,2.06,0
Kango,GA,1640605212,0.1943,10.0951,34.28,49,0.74,97
Denpasar,ID,1640605061,-8.65,115.2167,28.81,79,5.66,40
Mitsamiouli,KM,1640605214,-11.3847,43.2844,32.16,62,5.66,20
Belen,TR,1640605215,36.4891,36.2233,9.08,58,0.51,40
Khani,GE,1640605216,41.9563,42.9566,7.76,95,2.76,93
Coyhaique,CL,1640605216,-45.5752,-72.0662,16.97,63,3.09,73
Uvalde,US,1640605216,29.3669,-99.767,18.44,78,2.57,90
Tairua,NZ,1640605217,-37.0167,175.85,20.05,94,2.44,79
Monte Azul,BR,1640605218,-15.155,-42.8747,21.66,95,1.71,95
Faya,SA,1640605218,18.3851,42.4509,21.06,44,4.61,54
Tabou,CI,1640604960,4.423,-7.3528,29.6,67,2.21,65
Teguise,ES,1640605220,29.0605,-13.564,18.12,77,3.09,75
Tarakan,ID,1640605221,3.3,117.6333,26.72,89,1.54,20
Ambilobe,MG,1640605221,-13.2,49.05,33.24,42,4.72,95
Suntar,RU,1640605222,62.1444,117.6319,-27.93,99,1.7,100
Ukiah,US,1640605222,39.1502,-123.2078,6.46,93,1.54,90
Dudinka,RU,1640605222,69.4058,86.1778,-28.22,99,3.2,44
Touros,BR,1640605223,-5.1989,-35.4608,27.5,70,5.84,70
Oussouye,SN,1640605224,12.485,-16.5469,30.1,15,4.19,70
Ugoofaaru,MV,1640605224,5.6667,73.0,27.6,72,8.2,8
Contamana,PE,1640605225,-7.3333,-75.0167,26.09,76,1.6,75
Antalaha,MG,1640605226,-14.9003,50.2788,28.98,61,3.26,100
Aljezur,PT,1640605227,37.3191,-8.8033,18.29,89,4.3,63
Jalu,LY,1640605228,29.0331,21.5482,17.13,38,2.97,100
Zdvinsk,RU,1640605228,54.7021,78.661,-16.35,98,3.35,88
Lompoc,US,1640605229,34.6391,-120.4579,8.21,84,2.57,20
Calatayud,ES,1640605229,41.3535,-1.6432,22.32,56,12.55,58
Tura,IN,1640605230,25.5198,90.2201,15.2,64,1.25,14
Seddon,AU,1640605230,-37.8068,144.8916,17.2,66,1.79,0
Loikaw,MM,1640605232,19.6742,97.2094,16.74,59,1.95,0
Pale,BA,1640605232,43.8161,18.5694,2.86,100,1.54,75
Chifeng,CN,1640605233,42.2683,118.9636,-9.85,55,2.51,0
Auckland,NZ,1640605213,-36.8667,174.7667,21.51,88,4.02,90
Akureyri,IS,1640605234,65.6835,-18.0878,-2.04,80,2.57,75
Koumra,TD,1640605234,8.9126,17.5539,37.27,12,2.14,40
Vostok,RU,1640605235,46.4856,135.8833,-28.77,99,1.65,100
Cockburn Town,TC,1640605235,21.4612,-71.1419,22.98,73,15.43,40
Saint George,US,1640605236,37.1041,-113.5841,4.74,74,2.24,20
Mossamedes,AO,1640605237,-15.1961,12.1522,25.35,65,5.66,0
Lata,PT,1640605237,40.1629,-8.3327,17.82,77,4.29,51
Geraldton,AU,1640605151,-28.7667,114.6,30.23,37,5.66,59
Arrondissement de Bar-le-Duc,FR,1640605239,48.75,5.1667,9.97,90,5.95,100
Broken Hill,AU,1640605240,-31.95,141.4333,23.84,19,5.14,0
Yar-Sale,RU,1640605240,66.8333,70.8333,-15.44,91,7.81,100
Quatre Cocos,MU,1640605241,-20.2078,57.7625,27.06,78,6.76,85
Beloha,MG,1640605241,-25.1667,45.05,28.55,56,7.65,72
Morro Bay,US,1640605242,35.3658,-120.8499,9.34,90,1.79,68
Svetlaya,RU,1640605242,46.5389,138.3297,-18.56,78,4.4,49
Lanxi,CN,1640605243,29.2195,119.477,2.81,48,1.74,46
Tasiilaq,GL,1640605243,65.6145,-37.6368,-9.91,61,2.28,1
Port Hedland,AU,1640605244,-20.3167,118.5667,35.03,46,5.14,78
Dingle,PH,1640605244,10.9995,122.6711,23.59,93,4.35,85
Eureka,US,1640605245,40.8021,-124.1637,7.74,88,3.13,100
Hamilton,US,1640605215,39.1834,-84.5333,16.11,91,0.89,90
Oranjemund,NA,1640605246,-28.55,16.4333,22.34,59,7.23,55
Northam,GB,1640605247,51.0333,-4.2167,13.34,95,7.46,100
Maragogi,BR,1640605247,-9.0122,-35.2225,26.05,84,4.61,97
Tiksi,RU,1640605248,71.6872,128.8694,-24.4,100,1.79,99
Ambon City,ID,1640604994,-3.6954,128.1814,29.08,74,1.54,40
Beaverlodge,CA,1640605249,55.2166,-119.4361,-37.36,99,1.68,11
Los Llanos de Aridane,ES,1640605249,28.6585,-17.9182,17.86,92,1.34,40
Arrondissement de Saint-Quentin,FR,1640605250,49.8333,3.3333,9.23,86,6.09,100
Itapeva,BR,1640605250,-23.9822,-48.8756,24.74,55,2.07,73
Mahon,ES,1640605251,39.8885,4.2658,17.31,82,4.63,0
Codrington,AU,1640605251,-38.2667,141.9667,12.57,73,7.44,23
Amga,RU,1640605252,60.8953,131.9608,-45.0,100,0.22,99
Vestmanna,FO,1640605252,62.1564,-7.1664,4.51,100,5.14,90
Ndélé,CF,1640605253,8.4109,20.6473,37.69,12,1.8,97
Port Augusta,AU,1640605253,-32.5,137.7667,22.06,57,9.52,0
Thouars,FR,1640605254,46.976,-0.2151,14.19,74,8.15,78
Belyy Yar,RU,1640605254,53.6039,91.3903,-18.06,85,1.0,48
Machico,PT,1640605255,32.7,-16.7667,21.51,86,5.14,75
Okhotsk,RU,1640605255,59.3833,143.3,-28.62,80,8.48,46
Haines Junction,CA,1640605256,60.7522,-137.5108,-11.03,85,0.51,100
Kristinestad,FI,1640605212,62.2743,21.376,-9.0,90,1.85,52
Lagoa,PT,1640605257,39.05,-27.9833,17.59,84,15.73,50
Tomatlán,MX,1640605257,19.9333,-105.25,20.31,77,1.07,35
Brae,GB,1640605258,60.3964,-1.353,5.95,95,11.18,100
Vao,NC,1640605258,-22.6667,167.4833,25.83,82,4.93,73
Pujilí,EC,1640605259,-0.95,-78.6833,8.05,100,1.54,40
Redmond,US,1640605259,47.674,-122.1215,-5.08,84,0.45,94
Rome,US,1640605260,43.2128,-75.4557,-2.71,81,0.0,90
Khatanga,RU,1640605260,71.9667,102.5,-35.79,100,0.43,26
Orlik,RU,1640605261,52.5178,99.825,-17.67,81,0.65,97
Ahipara,NZ,1640605261,-35.1667,173.1667,18.87,95,2.28,100
Umluj,SA,1640605262,25.0213,37.2685,23.55,47,5.84,98
Takoradze,GH,1640605262,4.8845,-1.7554,29.01,69,2.99,62
Barra de Tecoanapa,MX,1640605263,16.5167,-98.75,22.3,80,1.56,0
Saint-Augustin,CA,1640605263,51.226,-58.6502,1.75,77,7.79,95
Longyan,CN,1640605264,25.1072,117.0225,8.1,84,1.69,99
Lapua,FI,1640605264,62.9693,23.0088,-8.62,97,1.33,47
Riyadh,SA,1640605105,24.6877,46.7219,15.08,38,2.4,88
Pāsighāt,IN,1640605265,28.0667,95.3333,15.9,54,1.79,89
Tawao,MY,1640605262,4.2498,117.8871,27.07,88,1.34,100
Vrede,ZA,1640605267,-27.4257,29.1659,19.64,74,5.18,96
Hong Kong,HK,1640605222,22.2855,114.1577,14.41,81,0.45,100
Aklavik,CA,1640605268,68.2191,-135.0107,-16.54,94,7.09,100
Olafsvik,IS,1640605268,64.8945,-23.7142,0.03,73,10.86,73
Lafiagi,NG,1640605269,8.8667,5.4167,36.98,13,1.76,10
Taoudenni,ML,1640605270,22.6783,-3.9836,27.22,18,4.07,0
Tefé,BR,1640605271,-3.3542,-64.7114,26.06,94,1.03,40
Port-Cartier,CA,1640605271,50.0334,-66.8654,-3.88,78,5.39,100
Kasama,ZM,1640605272,-10.2129,31.1808,30.95,26,3.46,56
Warrnambool,AU,1640605272,-38.3833,142.4833,13.78,73,7.56,32
Peleduy,RU,1640605273,59.6289,112.7406,-32.06,100,0.62,74
Marzuq,YE,1640605273,14.4,46.4667,26.96,16,2.67,4
Mayo,US,1640605274,38.8876,-76.5119,5.75,72,3.58,1
Nantucket,US,1640605274,41.2835,-70.0995,3.38,71,7.2,90
Terrace,CA,1640605275,54.5163,-128.6035,-17.54,59,6.17,90
Stabat,ID,1640605276,3.761,98.4513,28.11,88,1.08,41
Meulaboh,ID,1640605276,4.1363,96.1285,26.79,76,0.55,67
Abancay,PE,1640605277,-13.6339,-72.8814,13.58,71,0.85,94
Batagay-Alyta,RU,1640605277,67.8006,130.4114,-26.71,98,1.86,100
Kholm,RU,1640605278,59.2667,32.85,-11.21,95,2.84,99
Mariehamn,AX,1640605278,60.0973,19.9348,-9.08,92,0.51,0
Ampanihy,MG,1640605279,-24.7,44.75,33.51,38,6.21,48
El Paso,US,1640605280,31.8001,-106.2005,11.16,38,2.57,20
Khuzhir,RU,1640605280,53.1939,107.3397,-9.49,65,4.39,58
Garoua,CM,1640605281,9.3,13.4,34.22,15,2.06,0
Bodmin,GB,1640605281,50.4715,-4.7243,13.02,82,9.26,40
Deltona,US,1640605282,28.9005,-81.2637,15.48,91,0.0,1
Boyuibe,BO,1640605282,-20.4167,-63.2833,15.95,36,0.92,74
Dwārka,IN,1640605283,22.2394,68.9678,24.15,63,4.83,54
Ishigaki,JP,1640605280,24.3448,124.1572,15.07,94,8.23,75
Buraidah,SA,1640605284,26.326,43.975,13.25,43,3.16,66
Clyde River,CA,1640605284,70.4692,-68.5914,-25.87,76,5.14,80
Pimenta Bueno,BR,1640605285,-11.6725,-61.1936,24.82,93,1.05,100
Kloulklubed,PW,1640605285,7.0419,134.2556,26.28,81,9.18,71
Bilma,NE,1640605286,18.6853,12.9164,24.41,13,5.32,0
Martyush,RU,1640605286,56.4,61.8819,-14.36,97,3.71,79
Havelock,US,1640605287,34.8791,-76.9013,12.97,79,0.45,1
Sungai Penuh,ID,1640605288,-2.0833,101.3833,19.24,97,0.13,99
Mil'kovo,RU,1640605288,54.7167,158.6167,-10.76,93,6.11,100
Edd,ER,1640605289,13.9297,41.6925,29.98,54,9.31,2
Sinop Province,TR,1640605289,41.7711,34.8709,3.24,94,5.22,99
Goundam,ML,1640605290,16.4145,-3.6708,28.92,9,5.85,94
Yerbogachën,RU,1640605290,61.2767,108.0108,-35.45,99,1.23,20
Pyapon,MM,1640605291,16.2833,95.6833,24.49,62,0.64,0
Mehamn,NO,1640605291,71.0357,27.8492,-2.9,80,2.57,75
Nogliki,RU,1640605292,51.8333,143.1667,-23.15,79,6.68,34
Waspán,NI,1640605292,14.7419,-83.9717,20.72,98,1.16,17
Mucurapo,TT,1640605293,10.6667,-61.5333,25.14,91,3.26,88
Pinega,RU,1640605293,64.7001,43.3936,-27.65,100,1.23,60
Plainview,US,1640605294,40.7765,-73.4673,2.23,69,2.57,1
Pochutla,MX,1640605294,15.7432,-96.4661,20.46,71,1.56,0
Novyy Urgal,RU,1640605295,51.0736,132.5642,-37.67,100,0.57,35
Pacifica,US,1640605296,37.6138,-122.4869,10.09,84,2.68,100
Esna,EG,1640605296,25.2934,32.554,20.01,20,1.41,96
Vrangel',RU,1640605297,42.7297,133.0839,-13.16,60,6.97,10
Chimbote,PE,1640605297,-9.0853,-78.5783,18.81,90,2.36,61
Bilisht,AL,1640605298,40.6275,20.99,7.42,97,1.99,100
Tynda,RU,1640605299,55.1667,124.7167,-32.26,98,1.45,29
Morón,AR,1640605299,-34.6534,-58.6198,26.68,68,1.34,8
Mazagão,BR,1640605300,-0.115,-51.2894,25.03,79,1.74,81
San Francisco de Coray,HN,1640605300,13.6614,-87.5328,17.57,69,1.96,2
Bisira,PA,1640605301,8.5196,-81.7115,13.96,96,2.81,90
Mogadishu,SO,1640605301,2.0371,45.3438,29.93,79,9.77,20
Livádi,GR,1640605302,40.125,22.1517,7.0,71,2.64,100
Beringovskiy,RU,1640605302,63.05,179.3167,-21.55,97,6.7,100
Port Shepstone,ZA,1640605302,-30.7414,30.455,25.34,82,2.53,100
Cabinda,AO,1640605303,-5.55,12.2,24.02,90,1.9,100
Vilhena,BR,1640605304,-12.7406,-60.1458,22.12,100,2.57,90
Otane,NZ,1640605305,-39.8833,176.6333,20.01,79,0.61,100
Yunhe,CN,1640605305,34.0833,119.7167,-1.83,32,2.45,0
Khovd,MN,1640605306,48.0056,91.6419,-18.08,77,1.5,10
Nueva Concepción,GT,1640605306,14.2,-91.3,24.7,70,0.59,0
Rantauprapat,ID,1640605307,2.1,99.8333,24.92,89,1.04,33
Kamaishi,JP,1640605307,39.2667,141.8833,-2.45,72,5.23,41
Turan,VN,1640604744,16.0678,108.2208,20.99,94,6.69,90
Alihe,CN,1640605308,50.5667,123.7167,-23.19,94,1.26,56
Port Hardy,CA,1640605309,50.6996,-127.4199,-5.0,79,2.06,20
Palmer,US,1640605310,42.1584,-72.3287,-0.84,63,0.89,75
Usvyaty,RU,1640605311,55.7456,30.7533,-6.07,92,2.9,98
Vila Velha,BR,1640605311,-20.3297,-40.2925,26.97,75,1.54,0
Vila Franca do Campo,PT,1640605312,37.7167,-25.4333,19.0,87,9.35,62
Manakara,MG,1640605312,-22.1333,48.0167,26.44,84,4.44,70
Tigil',RU,1640605313,57.8,158.6667,-10.41,80,5.56,81
Marabu,MY,1640605313,4.4148,114.0089,27.08,94,1.03,20
Roald,NO,1640605314,62.5833,6.1333,0.18,74,5.14,0
Balkhash,KZ,1640605314,46.844,74.9804,-5.66,73,3.0,0
Bujoreni,RO,1640605315,45.1333,24.35,1.77,98,0.84,100
Härnösand,SE,1640605316,62.6323,17.9379,-8.0,88,1.94,45
Gogrial,SS,1640605316,8.5332,28.1004,34.6,18,2.81,100
Phan Thiet,VN,1640605129,10.9333,108.1,24.15,90,3.3,27
San Carlos,VE,1640605317,9.6612,-68.5827,22.99,75,0.59,61
Rivne,UA,1640605318,50.6231,26.2274,-4.53,70,3.0,0
East London,ZA,1640605319,-33.0153,27.9116,28.52,51,4.63,0
Alexandria,EG,1640605319,31.2156,29.9553,16.3,63,1.03,40
Corn Island,NI,1640605320,12.1694,-83.0418,27.04,78,6.18,12
Torrington,US,1640605320,41.8007,-73.1212,-0.73,81,1.34,24
Paralímni,CY,1640605321,35.0375,33.9833,18.49,63,3.13,49
‘Āhuimanu,US,1640605321,21.4447,-157.8378,22.89,73,3.58,75
Banfora,BF,1640605322,10.6333,-4.7667,34.17,10,4.49,74
Hātod,IN,1640605322,22.8,75.7333,24.18,46,2.57,40
Panguna,PG,1640605323,-6.3164,155.4848,21.71,95,0.49,100
Novochernorechenskiy,RU,1640605324,56.2669,91.0828,-14.5,97,1.12,92
Dengzhou,CN,1640605324,37.8086,120.7508,0.62,63,4.91,3
Sigmaringen,DE,1640605325,48.0833,9.2167,8.48,88,1.01,92
Mulegé,MX,1640605325,26.8833,-111.9833,15.7,72,1.23,8
Necochea,AR,1640605326,-38.5473,-58.7368,19.74,45,2.77,0
Flinders,AU,1640605328,-34.5833,150.8552,16.78,88,0.89,100
Taixing,CN,1640605328,32.1667,120.0136,-0.58,30,1.43,39
Kargil,IN,1640605329,34.5667,76.1,-8.58,66,1.22,97
Carlisle,US,1640605330,40.2015,-77.1889,2.97,76,1.49,86
Port Lincoln,AU,1640605331,-34.7333,135.8667,15.64,75,9.75,1
Sunbury,AU,1640605331,-37.5833,144.7333,15.99,65,1.79,0
Hualmay,PE,1640605332,-11.0964,-77.6139,19.27,89,2.65,98
Zorritos,PE,1640605333,-3.6805,-80.6782,22.24,80,1.29,95
Yumen,CN,1640605333,40.2833,97.2,-8.12,59,4.1,8
Kandrian,PG,1640605334,-6.2167,149.55,26.44,89,2.4,100
Sur,OM,1640605335,22.5667,59.5289,25.32,57,2.41,54
Payson,US,1640605335,40.0444,-111.7321,0.14,71,2.57,90
La Ronge,CA,1640605336,55.1001,-105.2842,-25.86,76,3.09,90
Gushikawa,JP,1640605338,26.3544,127.8686,15.57,63,5.14,90
Departamento de Maldonado,UY,1640605338,-34.6667,-54.9167,20.68,45,2.48,0
Pangkalanbuun,ID,1640605339,-2.6833,111.6167,24.96,92,0.93,100
Havøysund,NO,1640605339,70.9963,24.6622,-2.87,63,5.09,100
Zemio,CF,1640605340,5.0314,25.1361,31.31,32,0.75,100
Egvekinot,RU,1640605341,66.3167,-179.1667,-26.06,84,3.92,100
Katobu,ID,1640605342,-4.9408,122.5276,26.33,80,3.51,99
The Valley,AI,1640605342,18.217,-63.0578,26.72,83,1.54,20
Okoneshnikovo,RU,1640605343,54.8377,75.0834,-14.91,89,4.1,98
Jinchang,CN,1640605343,38.4953,102.1739,-11.1,70,1.46,0
Ust-Kuyga,RU,1640605344,70.0167,135.6,-32.47,100,1.18,100
Itarema,BR,1640605345,-2.9248,-39.9167,27.45,76,5.17,97
Pevek,RU,1640605346,69.7008,170.3133,-32.99,99,1.43,75
Aswān,EG,1640605346,24.0934,32.907,20.61,30,5.66,0
Ixtapa,MX,1640605347,20.7,-105.2,19.01,84,1.42,0
Tandil,AR,1640605348,-37.3217,-59.1332,23.5,47,0.89,0
La Primavera,CO,1640605349,5.4906,-70.4092,25.36,67,3.24,92
Kuna,US,1640605349,43.4918,-116.4201,-2.0,87,0.89,90
Amarante do Maranhão,BR,1640605350,-5.5667,-46.7422,20.87,97,1.86,100
Chivay,PE,1640605351,-15.6383,-71.6011,9.14,53,1.59,100
Uşak Province,TR,1640605351,38.5,29.4167,9.99,58,2.68,100
Talcahuano,CL,1640605352,-36.7167,-73.1167,14.82,82,3.09,0
Shenjiamen,CN,1640605353,29.9576,122.298,3.69,59,4.73,7
Salgueiro,BR,1640605353,-8.0742,-39.1192,24.09,75,3.05,98
Chapleau,CA,1640605354,47.8405,-83.4034,-18.95,78,3.09,75
Camacha,PT,1640605355,33.0833,-16.3333,19.18,77,2.57,20
Genhe,CN,1640605355,50.7833,121.5167,-27.44,99,0.77,46
Seymchan,RU,1640605356,62.8833,152.4333,-32.23,94,1.34,100
Penzance,GB,1640605357,50.1186,-5.5371,12.56,84,12.07,81
Totoral,PE,1640605358,-17.4053,-70.365,19.12,47,1.29,46
Alyangula,AU,1640605359,-13.8483,136.4192,25.93,100,2.57,75
Wilmington,US,1640605359,34.2257,-77.9447,19.36,95,0.0,40
Morant Bay,JM,1640605360,17.8815,-76.4093,25.92,83,5.71,33
Kirakira,SB,1640605360,-10.4544,161.9205,27.42,86,3.15,100
Pisco,PE,1640605361,-13.7,-76.2167,19.03,94,2.06,90
Port Hawkesbury,CA,1640605362,45.6169,-61.3485,1.5,86,4.47,90
Karasjok,NO,1640605362,69.4719,25.5112,-16.94,100,0.9,95
San Miguel de Tucumán,AR,1640605363,-26.8241,-65.2226,25.0,69,1.54,0
Formosa,AR,1640605364,-26.1775,-58.1781,23.99,57,2.57,0
Kuah,MY,1640605365,6.3265,99.8432,30.99,62,2.06,20
Iranshahr,IR,1640605366,27.2025,60.6848,22.19,18,3.09,0
Ilebo,CD,1640605366,-4.3167,20.5833,22.87,97,1.33,100
Moses Lake,US,1640605368,47.1301,-119.2781,-10.77,67,8.23,90
Mattru,SL,1640605368,7.6244,-11.8332,33.06,41,1.32,91
Zyryanka,RU,1640605369,65.75,150.85,-35.12,100,1.76,100
Southbridge,US,1640605369,42.0751,-72.0334,-1.1,79,0.89,11
Bitkine,TD,1640605370,11.9801,18.2138,34.01,12,2.89,21
Pringsewu,ID,1640605371,-5.3582,104.9744,24.57,92,0.5,60
Ginir,ET,1640605372,7.1333,40.7,24.49,26,5.49,80
Skibbereen,IE,1640605372,51.55,-9.2667,9.89,93,9.33,96
Rawson,AR,1640605373,-43.3002,-65.1023,24.6,35,10.01,1
Urengoy,RU,1640605374,65.9667,78.3667,-22.89,89,6.05,33
Ancud,CL,1640605374,-41.8697,-73.8203,14.68,89,2.56,37
Kenai,US,1640605375,60.5544,-151.2583,5.05,93,4.63,1
Ola,RU,1640605376,59.5833,151.2833,-20.91,75,7.06,100
Laela,TZ,1640605376,-8.5667,32.05,28.53,30,3.07,9
Forbes,AU,1640605377,-33.3833,148.0167,19.95,61,7.26,55
Guerrero Negro,MX,1640605377,27.9769,-114.0611,14.47,67,7.41,97
Conakry,GN,1640605206,9.538,-13.6773,31.04,58,3.09,75
Pacific Grove,US,1640605378,36.6177,-121.9166,9.81,90,0.45,100
Bayan,CN,1640605379,46.0833,127.4,-25.51,99,1.5,16
Matara,LK,1640605379,5.9485,80.5353,26.77,75,3.78,0
Comodoro Rivadavia,AR,1640605380,-45.8667,-67.5,22.92,38,10.8,0
Loukhi,RU,1640605381,66.0764,33.0381,-10.98,89,3.74,99
Mbandaka,CD,1640605381,0.0487,18.2603,29.76,57,1.9,100
Otradnoye,RU,1640605382,59.7775,30.8181,-8.97,98,1.38,46
Norfolk,US,1640605383,42.1668,-71.2495,-0.36,80,1.65,10
Botwood,CA,1640605383,49.1499,-55.3482,1.61,97,8.2,100
Laguna,US,1640605384,38.421,-121.4238,9.4,93,2.24,90
Srandakan,ID,1640605385,-7.9386,110.2506,27.05,81,2.29,54
Muisne,EC,1640605385,0.6,-80.0333,23.56,88,3.79,100
Wenling,CN,1640605386,28.3669,121.36,3.9,55,4.28,13
Parksville,CA,1640605387,49.3163,-124.3195,-6.2,68,10.29,55
Prainha,BR,1640605388,-1.8,-53.48,25.99,75,2.02,98
Slave Lake,CA,1640605389,55.2834,-114.769,-34.01,75,1.54,1
Jorochito,BO,1640605390,-18.05,-63.4333,24.85,42,1.18,53
Lima,PE,1640605143,-12.0432,-77.0282,19.14,83,4.63,90
Hatten,DE,1640605392,53.0167,8.35,1.08,91,1.34,99
Price,US,1640605393,39.5994,-110.8107,-7.71,85,3.09,20
Santa Rosa,PH,1640605394,14.3122,121.1114,25.99,76,7.16,99
